Sentiment,title,category,id,sourceurl,publishdate
Negative,A Bruised Trump Faces Uncertain 2020 Prospects. His Team Fears a Primary Fight.,Politics,41772f23-0589-4126-8f41-a866e51aeba0,https://www.nytimes.com/2019/01/26/us/politics/trump-rnc-2020.html,20190126
Negative,"A School Board Says No to Big Oil, and Alarms Sound in Business-Friendly Louisiana",Business,83422000-9dc9-4ce5-b442-a93c00a6c04a,https://www.nytimes.com/2019/02/05/us/louisiana-itep-exxon-mobil.html,20190205
Negative,A Super Bowl Mermaid Ad and a Sexist Audition,Business,4ae4ca83-837e-4ed7-8e53-79b4501b9244,https://www.nytimes.com/2019/02/08/business/media/bikini-audition-super-bowl-ad-seltzer.html,20190208
Negative,A Tiny Screw Shows Why iPhones Won’t Be ‘Assembled in U.S.A.’,Business,ea30f8cb-d2e1-4e09-a59d-01ce93bbdd31,https://www.nytimes.com/2019/01/28/technology/iphones-apple-china-made.html,20190128
Negative,"‘A Woman, Just Not That Woman’: How Sexism Plays Out on the Trail",Politics,733d4419-c516-4a5d-b0e1-23bc150bca17,https://www.nytimes.com/2019/02/11/us/politics/sexism-double-standard-2020.html,20190211
Negative,‘Businesses Will Not Be Able to Hide’: Spy Satellites May Give Edge From Above,Business,fadc745b-b51f-40dd-bd05-3a44bd870713,https://www.nytimes.com/2019/01/24/technology/satellites-artificial-intelligence.html,20190124
Negative,"‘He May Not Even Be a Free Person,’ Elizabeth Warren Says of Trump in 2020",Politics,813c7380-5d36-47e8-a2c8-d7a72dd040b8,https://www.nytimes.com/2019/02/10/us/politics/elizabeth-warren-trump-2020.html,20190210
Negative,‘Not All Fun and Memes’: BuzzFeed News Employees Plan to Form a Union,Business,9205ec9b-7d18-4e1e-86f6-6687f6edc7c7,https://www.nytimes.com/2019/02/12/business/buzzfeed-news-union-layoffs.html,20190212
Negative,‘There’s a Real Tension.’ Democrats Puzzle Over Whether a Woman Will Beat Trump,Politics,f12be3a4-cb3f-42b5-8912-11fe2a35f26a,https://www.nytimes.com/2019/01/05/us/politics/women-candidates-president-2020.html,20190105
Negative,"After Burst of Holiday Spending, a Plan for a ‘Frugal February’",Business,da296131-2994-4b2e-9103-9c46cabcce09,https://www.nytimes.com/2019/02/01/your-money/holiday-spending-frugal-february.html,20190201
Negative,Amazon Knows What You Buy. And It’s Building a Big Ad Business From It.,Business,86b3129c-6f11-482e-be6d-f41afd1508ff,https://www.nytimes.com/2019/01/20/technology/amazon-ads-advertising.html,20190120
Negative,Amazon Users in India Will Get Less Choice and Pay More Under New Selling Rules,Business,8bd257f2-84be-42e0-8ba1-13df17fb05aa,https://www.nytimes.com/2019/01/30/technology/amazon-walmart-flipkart-india.html,20190130
Negative,"Amazon’s Sales Growth Slows, Even as Cloud Business Stays Hot",Business,3aefd076-f3aa-4acb-a380-37b71302fc8d,https://www.nytimes.com/2019/01/31/technology/amazon-earnings-sales-cloud.html,20190201
Negative,Apple Cuts Revenue Forecast Because of Slow iPhone Sales in China,Business,51db824c-121f-472f-8881-a0bb0e2188da,https://www.nytimes.com/2019/01/02/technology/apple-revenue-decline-china.html,20190102
Negative,"Apple Says Profits Were Flat, Citing Slump in China",Business,d468995c-33fe-408c-ae0b-530df7a81db7,https://www.nytimes.com/2019/01/29/technology/apple-earnings-china.html,20190129
Negative,"Apple Takes a Hit in China, and Workers There Feel the Pain",Business,b1f3fd06-eb5f-4db5-8451-57affe2f0a03,https://www.nytimes.com/2019/02/01/business/apple-china-iphone-jobs.html,20190201
Negative,Apple Was Slow to Act on FaceTime Bug That Allows Spying on iPhones,Business,8a91e7cf-cc91-4ac8-a7da-c6ff1b5da232,https://www.nytimes.com/2019/01/29/technology/facetime-glitch-apple.html,20190130
Negative,"As Beto O’Rourke Weighs 2020 Run, Democrats Chafe at His Go-It-Alone Style",Politics,35fddf20-7219-4a9a-b9d7-6d9b51cad516,https://www.nytimes.com/2019/01/19/us/politics/beto-orourke-democrats-president.html,20190119
Negative,"As Big Retailers Seek to Cut Their Tax Bills, Towns Bear the Brunt",Business,4877eb49-0dcf-44b5-b86f-79e300a67fac,https://www.nytimes.com/2019/01/06/business/economy/retailers-property-tax-dark-stores.html,20190106
Negative,"As Fires Ravaged California, Utilities Lobbied Lawmakers for Protection",Business,eddd0743-6c99-495c-bb17-54397d459f25,https://www.nytimes.com/2019/01/05/business/energy-environment/california-wildfire-electric.html,20190105
Negative,"As Pelvic Mesh Settlements Near $8 Billion, Women Question Lawyers’ Fees",Business,435e7cb8-5439-461c-ae13-0170a943e1e0,https://www.nytimes.com/2019/02/01/business/pelvic-mesh-settlements-lawyers.html,20190201
Negative,"Behind Tech’s Shine, Some Warnings Signs Appear",Business,6e86ec3b-e476-4809-a3aa-0ceb3597baa6,https://www.nytimes.com/2019/02/03/technology/tech-warning-signs.html,20190203
Negative,Bernie Sanders Apologizes Again to Women Who Were Mistreated in 2016 Campaign,Politics,c349cb66-2eed-4902-800e-7e0623a3af28,https://www.nytimes.com/2019/01/10/us/politics/sanders-sexism-apology.html,20190110
Negative,Big Tech Is No Longer Carrying the Stock Market,Business,f6cc258a-55c0-4608-a0d3-0374c03fc46b,https://www.nytimes.com/2019/02/03/business/dealbook/stock-market-technology.html,20190203
Negative,"Big Tech May Look Troubled, but It’s Just Getting Started",Business,6f71e4fb-6bc9-4396-b469-24d5be4d1bc3,https://www.nytimes.com/2019/01/01/technology/big-tech-troubled-just-getting-started.html,20190101
Negative,Businesses Are Taking Action After Brexit Warnings Go Unheeded,Business,df6f5be1-7327-40f5-bfc4-b774d2f354be,https://www.nytimes.com/2019/01/25/business/brexit-no-deal-airbus-uk.html,20190125
Negative,BuzzFeed News Faces Scrutiny After Mueller Denies a Dramatic Trump Report,Business,7fa632d3-0d96-4ec1-b2f8-65474625ece7,https://www.nytimes.com/2019/01/19/business/media/buzzfeed-news-trump-michael-cohen-mueller.html,20190120
Negative,BuzzFeed News in Limbo Land,Business,fdb798a0-6a00-423c-b0b5-2ca92bb557cd,https://www.nytimes.com/2019/01/20/business/media/buzzfeed-trump-mueller-backlash.html,20190120
Negative,BuzzFeed Plans Layoffs as It Aims to Turn Profit,Business,3a47b4db-a1f8-4bec-8d79-fb5434f0563e,https://www.nytimes.com/2019/01/23/business/media/buzzfeed-layoffs.html,20190123
Negative,BuzzFeed’s First Round of Layoffs Puts an End to Its National News Desk,Business,e01a77d6-075b-43b7-9841-e49c58234ca3,https://www.nytimes.com/2019/01/25/business/media/buzzfeed-layoffs.html,20190125
Negative,Carlos Ghosn Faces New Charges in Japan as Pressure Mounts,Business,cc3c258c-2be0-40dd-a074-549802bb7cc9,https://www.nytimes.com/2019/01/11/business/carlos-ghosn-nissan-charges.html,20190111
Negative,"Carlos Ghosn May Have Spent Company Funds on Wedding Party, Renault Says",Business,1cab6310-2329-4ac3-8104-255627617ca0,https://www.nytimes.com/2019/02/07/business/carlos-ghosn-versailles-renault.html,20190207
Negative,Carlos Ghosn Says He’s the Victim of ‘Plot and Treason’ by Rivals at Nissan,Business,10153ff7-d544-434b-bab2-412ff8b4e98f,https://www.nytimes.com/2019/01/30/business/carlos-ghosn-nissan.html,20190130
Negative,"Carlos Ghosn, Former Nissan Chairman, Will Appear in Court",Business,cd0170bc-3268-4521-b587-e3b117c9fba2,https://www.nytimes.com/2019/01/04/business/carlos-ghosn-nissan-court.html,20190104
Negative,Chief of Apple Stores Is Leaving After 5 Years in the Job,Business,d9aeeb42-484c-4373-a557-fb1affce7c7c,https://www.nytimes.com/2019/02/05/technology/apple-stores-angela-ahrendts.html,20190206
Negative,Chilling Davos: A Bleak Warning on Global Division and Debt,Business,a41cb22d-fc47-4ba9-b931-806ad935a65c,https://www.nytimes.com/2019/01/22/business/dealbook/world-economic-forum-klarman.html,20190122
Negative,China Appears to Block Microsoft’s Bing as Censorship Intensifies,Business,aa024d40-8efe-48a5-a952-5e2a0d338871,https://www.nytimes.com/2019/01/23/business/china-microsoft-bing.html,20190124
Negative,"China Transforms, and a Factory Owner Struggles to Follow",Business,9150db07-a582-4352-824b-62765a1cfe45,https://www.nytimes.com/2019/01/21/technology/china-economy-manufacturing-labor-costs.html,20190121
Negative,China Warnings From Caterpillar and Nvidia Hit U.S. Stocks,Business,834f2dae-3652-442a-a7be-59b6783e4c51,https://www.nytimes.com/2019/01/28/business/stock-market-china-profits.html,20190128
Negative,"China’s Economy, by the Numbers, Is Worse Than It Looks",Business,c5c2c135-d44e-4bf7-87ce-8287cb91efb3,https://www.nytimes.com/2019/01/20/business/china-economy-gdp-fourth-quarter.html,20190121
Negative,China’s Slowdown Looms Just as the World Looks for Growth,Business,050dad1f-d7a6-47fb-b7ff-eac5bb30a0a3,https://www.nytimes.com/2019/01/20/business/china-economy-growth-davos.html,20190120
Negative,"Chinese Consumers’ Confidence Sags, Casting a Pall Over the Global Economy",Business,bfe0b44e-1084-4527-8cc6-de5303cffbb8,https://www.nytimes.com/2019/01/03/business/china-consumer-economy-apple-iphone.html,20190103
Negative,Confidence in the Economy Has Faded. Will It Rebound?,Business,041236f9-1c09-4b6d-8122-0be935b9fe6d,https://www.nytimes.com/2019/02/13/business/dealbook/economy-consumer-confidence-rebound.html,20190213
Negative,Curbs on A.I. Exports? Silicon Valley Fears Losing Its Edge,Business,b3e49fb0-1442-486b-a5cd-6b8f08fd093f,https://www.nytimes.com/2019/01/01/technology/artificial-intelligence-export-restrictions.html,20190101
Negative,DealBook Briefing: 5G Is the New Arms Race With China,Business,5ee2022a-3c60-4efb-9433-26fc15cf1f85,https://www.nytimes.com/2019/01/28/business/dealbook/us-china-5g-huawei-internet.html,20190128
Negative,DealBook Briefing: ‘Brexit’ Deal Fails; What’s Next for Britain?,Business,ba7bd861-1e9a-4dd7-a1f8-8b2bd16ee8e8,https://www.nytimes.com/2019/01/16/business/dealbook/brexit-defeat-britain-may.html,20190116
Negative,DealBook Briefing: ‘Forecasting a Slowdown’ for 2019,Business,b2f312a5-a784-4bc3-beb1-2117d09bd467,https://www.nytimes.com/2019/01/15/business/dealbook/pge-banktruptcy-california-wildfires.html,20190115
Negative,DealBook Briefing: Apple’s Struggles Add to Uncertainty in Markets,Business,20b7bc9b-865b-4c19-97d0-39624060f3cc,https://www.nytimes.com/2019/01/03/business/dealbook/apple-china-slowdown-markets.html,20190103
Negative,DealBook Briefing: Criminal Charges for Huawei and a Top Executive,Business,91ca9d4a-e3af-473e-a681-38f02369e6a7,https://www.nytimes.com/2019/01/29/business/dealbook/huawei-criminal-charges-trade-secrets.html,20190129
Negative,DealBook Briefing: Feeling the Bite of the Government Shutdown,Business,9c92490a-71f2-4db0-89d8-b0d827069bfe,https://www.nytimes.com/2019/01/09/business/dealbook/government-shutdown-trump-speech-economy.html,20190109
Negative,DealBook Briefing: Growing Unease Over Government Shutdown,Business,b5edfb92-8cbf-4a3f-bedb-d56a5b505602,https://www.nytimes.com/2019/01/11/business/dealbook/government-shutdown-border-wall.html,20190111
Negative,"DealBook Briefing: Jeff Bezos, Blackmail and ‘Below the Belt’ Selfies",Business,a61dc3b5-a087-4d50-aebd-2e9400137665,https://www.nytimes.com/2019/02/08/business/dealbook/jeff-bezos-blackmail.html,20190208
Negative,DealBook Briefing: Tech No Longer Carries the Stock Market,Business,905b2bbe-b91b-466f-a5ae-7b9bf2e9ee51,https://www.nytimes.com/2019/02/04/business/dealbook/tech-chips-slowdown.html,20190204
Negative,DealBook Briefing: The Biggest Bank Merger Since the Financial Crisis,Business,57b983b4-dbdb-4a80-bc4b-587a9b003be2,https://www.nytimes.com/2019/02/07/business/dealbook/bbt-suntrust-merger.html,20190207
Negative,DealBook Briefing: Trade Concerns Rise on Report of Canceled Meeting,Business,17fb091b-735a-46f3-a4d2-bcc15c18771b,https://www.nytimes.com/2019/01/23/business/dealbook/trade-talks-us-china.html,20190123
Negative,DealBook Briefing: Trump Tariffs Threaten U.S. Jobs,Business,040c6f63-4678-411a-8f12-75923175d0d2,https://www.nytimes.com/2019/01/07/business/dealbook/trump-tariffs-jobs-trade.html,20190107
Negative,DealBook Briefing: What Could Go Wrong in 2019? Plenty,Business,9316c82c-f0a7-4663-82dd-19100801f433,https://www.nytimes.com/2019/01/02/business/dealbook/wall-street-2019-predictions.html,20190102
Negative,DealBook Briefing: World Economic Forum Begins With a Warning,Business,afdbc112-0824-4cb1-894b-d84e2808513a,https://www.nytimes.com/2019/01/22/business/dealbook/davos-world-economic-forum.html,20190122
Negative,"Despite Bitcoin’s Dive, a Former Soviet Republic Is Still Betting Big on It",Business,b1dd4b54-7274-4255-9f88-def8361bc727,https://www.nytimes.com/2019/01/22/business/georgia-bitcoin-blockchain-bitfury.html,20190122
Negative,Did Australia Hurt Phone Security Around the World?,Business,94c0a21e-a7d7-4246-b4fc-5273a42c6faa,https://www.nytimes.com/2019/01/22/technology/australia-cellphone-encryption-security.html,20190122
Negative,Did Trump Cave on the Wall? Some Conservatives Say Yes,Politics,ac7d8f46-ecf7-46c8-a0a6-ab663936e49d,https://www.nytimes.com/2019/01/25/us/politics/trump-caved-ann-coulter.html,20190125
Negative,Does Facebook Really Know How Many Fake Accounts It Has?,Business,c70afa85-580c-432a-b299-d523876a7fd5,https://www.nytimes.com/2019/01/30/technology/facebook-fake-accounts.html,20190130
Negative,Doug Jones Risks His Alabama Senate Seat Over the Shutdown and the Wall,Politics,fcb85a38-daab-458c-af1d-e2ac636de10e,https://www.nytimes.com/2019/01/18/us/politics/government-shutdown-alabama-politics.html,20190118
Negative,E.C.B. Takes Reins of Italian Bank to Prevent Wider Crisis,Business,5cddbde3-e424-4624-a65b-eb1b9dae94a6,https://www.nytimes.com/2019/01/02/business/ecb-italian-bank-banca-carige.html,20190102
Negative,F.T.C. Is Said to Be Considering Large Facebook Fines,Business,313e2ec9-f536-4385-be15-203158b9c120,https://www.nytimes.com/2019/01/18/technology/facebook-ftc-fines.html,20190119
Negative,Fake News as ‘Moral Imperative’? Democrats’ Alabama Move Hints at Ugly 2020,Business,c30f167d-0fd3-42da-bd38-4027d71c1bc0,https://www.nytimes.com/2019/01/13/business/media/democrats-disinformation-election-interference.html,20190114
Negative,Fiat Chrysler’s Diesel Effort Produces a Costly Settlement,Business,202391b0-aaaa-4196-9add-1b354b6283df,https://www.nytimes.com/2019/01/10/business/fiat-chrysler-justice-emissions-settlement.html,20190110
Negative,Flip-Flop by Fed Scrambles Outlook for World Markets,Business,86760afc-5305-4ad9-b5d1-23829b927e16,https://www.nytimes.com/2019/02/10/business/federal-reserve-stock-market.html,20190210
Negative,"For Car Buyers Who Got a Lemon, State Laws Vary Widely",Business,12c05d56-37bc-4633-b73c-565cfec66a65,https://www.nytimes.com/2019/02/06/automobiles/car-lemon-laws-states.html,20190206
Negative,"For Once, Amazon Loses a Popularity Contest",Business,8dac93ca-478e-4533-9b1b-2844cbd5374a,https://www.nytimes.com/2019/02/14/business/amazon-new-york-city.html,20190214
Negative,Former Senior Apple Lawyer Charged With Insider Trading,Business,0a4dd127-8065-424a-9416-543a2cc6c4b0,https://www.nytimes.com/2019/02/13/technology/apple-insider-trading.html,20190213
Negative,For-Profit Chain Cancels $494 Million in Student Debt to End State Investigations,Business,21d7350b-eaaf-4a6b-b317-b0e2bd49d100,https://www.nytimes.com/2019/01/03/business/student-debt-career-education-corporation.html,20190103
Negative,Fracking Wasn’t Supposed to Cause Quakes in U.K. But Then the Ground Shook.,Business,745df301-1547-4296-b91e-cf2a683626f2,https://www.nytimes.com/2019/01/21/business/energy-environment/fracking-britain-cuadrilla-resources.html,20190121
Negative,French Government Calls for Carlos Ghosn to Be Replaced as Renault’s Leader,Business,6127dfc0-6c06-4964-b535-a2166a814db4,https://www.nytimes.com/2019/01/16/business/renault-carlos-ghosn.html,20190116
Negative,"From Goldman’s 1MDB Scandal to Bitcoin, Here’s a Look Ahead at 2019",Business,0f98549b-9833-4f98-bdcd-fb983ad566c8,https://www.nytimes.com/2019/01/07/business/dealbook/goldman-1mdb-bitcoin.html,20190107
Negative,Gannett Rejects Hostile Bid From Hedge Fund-Backed Group,Business,dfe9ac4b-ac30-400f-9b24-5d707958da3f,https://www.nytimes.com/2019/02/04/business/media/gannett-media-news.html,20190204
Negative,German Growth Stagnates as Trump Trade War Starts to Bite,Business,f339a624-851a-44ae-86a0-bc7f755d81e5,https://www.nytimes.com/2019/02/14/business/germany-economy.html,20190214
Negative,Germany Restricts Facebook’s Data Gathering,Business,a7221ae6-486d-42fb-ad89-77f28d0ae206,https://www.nytimes.com/2019/02/07/technology/germany-facebook-data.html,20190207
Negative,Goldman Sachs’s Tactic in Malaysian Fraud Case: Smear an Ex-Partner,Business,be6118a5-818e-4960-b530-a3a0ff2264d2,https://www.nytimes.com/2019/01/16/business/goldman-malaysia-1mdb-leissner.html,20190116
Negative,Google Is Fined $57 Million Under Europe’s Data Privacy Law,Business,a6a5fd5e-a12d-445a-ba76-700463dfe07d,https://www.nytimes.com/2019/01/21/technology/google-europe-gdpr-fine.html,20190121
Negative,Government Shutdown Shakes Stability of Jobs That Are Often the Best Around,Business,e305fbb3-aeab-4600-b363-fca853903a88,https://www.nytimes.com/2019/01/16/business/economy/federal-workers-shutdown.html,20190117
Negative,Government Shutdown Squeezes Contractors as Checks Stop and Invoices Stall,Business,0cc72a79-b9e2-4433-a54a-6cae8703799d,https://www.nytimes.com/2019/01/12/business/contractors-government-shutdown-effect.html,20190112
Negative,He Reported on Facebook. Now He Approaches It With Caution.,Business,50e58433-1134-43c7-8247-0ed40621a1a6,https://www.nytimes.com/2019/01/23/technology/personaltech/facebook-online-privacy.html,20190123
Negative,Hitachi to Cease Work on Nuclear Power Plant in North Wales,Business,ac9f749c-32ce-4953-b247-e62e1e1ac416,https://www.nytimes.com/2019/01/17/business/energy-environment/hitachi-horizon-wales-nuclear-plant.html,20190117
Negative,How U.S. Criminal Laws Became Weapons in the China Trade War,Business,a9c5f6a1-ff5a-4357-9ba3-f10cc3658421,https://www.nytimes.com/2019/02/04/business/dealbook/huawei-law-trade.html,20190204
Negative,"Huawei and China, Facing U.S. Charges, Have Few Ways to Retaliate",Business,62a802e0-7c48-46a9-bbb5-e84508b05bfa,https://www.nytimes.com/2019/01/29/technology/huawei-indictment-criminal-charges.html,20190129
Negative,Huawei Said to Be Under U.S. Investigation in Trade-Secrets Case,Business,3c119216-6008-426d-9e4c-6bb1a1ac7c61,https://www.nytimes.com/2019/01/16/technology/huawei-investigation-trade-secrets.html,20190117
Negative,Huawei Threatens Lawsuit Against Czech Republic After Security Warning,Business,65981717-ed30-4a12-89c4-57ac828426b7,https://www.nytimes.com/2019/02/08/business/huawei-lawsuit-czech-republic.html,20190208
Negative,Hurricanes. Shootings. Fires. Time for an Editor’s Emergency Kit.,Business,e755e644-0992-4788-88b1-9c6250ee5fe2,https://www.nytimes.com/2019/01/02/technology/personaltech/breaking-emergency-news-tech.html,20190102
Negative,"In a Stumble for Apple, a FaceTime Bug Lets iPhone Users Eavesdrop",Business,eb5a4ed3-f03c-4ce9-afc4-0159f277fbf7,https://www.nytimes.com/2019/01/28/technology/personaltech/facetime-bug-iphone-hack.html,20190129
Negative,"In Virginia Governor’s Turmoil, Democrats See an Agenda at Risk",Politics,aea1c826-b9f2-4f7f-ba97-e459cc8fe576,https://www.nytimes.com/2019/02/03/us/politics/northam-governor-virginia.html,20190203
Negative,Insider Trading Remains a Fixture for Securities Enforcement,Business,ea6eac3b-b9c4-4599-8997-4c92ac417d9d,https://www.nytimes.com/2019/01/01/business/dealbook/insider-trading-enforcement-prosecution.html,20190101
Negative,It’s Final: Megyn Kelly and NBC Part Ways. And She Will Be Paid in Full.,Business,587ec345-ba8d-4453-bcca-256234b7b376,https://www.nytimes.com/2019/01/11/business/media/megyn-kelly-nbc.html,20190112
Negative,"Italy Slides Into Recession as Europe Stalls, Stoking Global Fears",Business,b7126213-3a9b-4bbf-a36f-a006ce76df8a,https://www.nytimes.com/2019/01/31/business/italy-recession-europe-slowdown.html,20190131
Negative,Jeff Bezos’ Extortion Claim Said to Be Under Review by Prosecutors,Business,fdcc3ea8-ae89-4aed-90dc-ffb1c3e6a13b,https://www.nytimes.com/2019/02/08/business/media/jeff-bezos-ami-national-enquirer-fight.html,20190209
Negative,"John Lasseter, Ousted From Pixar in #MeToo Wave, Finds New Hollywood Home",Business,41e068e4-bf7f-4556-8677-d5005eba7557,https://www.nytimes.com/2019/01/09/business/media/john-lasseter-skydance.html,20190109
Negative,Judge Cites ‘Serious’ Accusations Against McKinsey in Reopening Bankruptcy Case,Business,05847c43-b396-4871-adc8-2e57997f7648,https://www.nytimes.com/2019/01/09/business/mckinsey-bankruptcy-investments.html,20190110
Negative,Justin Fairfax Puts Virginia Democrats in Bind on Impeachment,Politics,dbc0f2b7-97fa-4b14-9f29-09a1408c4603,https://www.nytimes.com/2019/02/09/us/politics/justin-fairfax-virginia-impeachment.html,20190209
Negative,Juul’s Convenient Smoke Screen,Business,44225d57-a5fa-4853-8545-6fed4c226675,https://www.nytimes.com/2019/01/11/technology/juul-cigarettes-marketing.html,20190111
Negative,Kamala Harris and Michael Bloomberg Clash on Medicare for All,Politics,3a59701e-d2e4-47f3-b820-0a636e2dbc59,https://www.nytimes.com/2019/01/29/us/politics/medicare-for-all-harris-bloomberg.html,20190129
Negative,Kamala Harris Is Accused of Lying About Listening to Tupac. Here’s What Actually Happened.,Politics,1142de84-098c-4c0f-a1ef-1d72f58eabe8,https://www.nytimes.com/2019/02/13/us/politics/kamala-harris-snoop-tupac.html,20190213
Negative,"Lampert’s Deal for Sears Is Approved, but Judge Scolds Him in the Process",Business,9cfcdc26-e458-4772-86cf-c44c9eddd94f,https://www.nytimes.com/2019/02/07/business/sears-bankruptcy-lampert.html,20190208
Negative,Lessons for Corporate Boardrooms From Yahoo’s Cybersecurity Settlement,Business,94f534b2-ace7-4e20-8a53-47543a8d842d,https://www.nytimes.com/2019/01/23/business/dealbook/yahoo-cyber-security-settlement.html,20190123
Negative,Lt. Gov. Justin Fairfax of Virginia Denounces Sexual Assault Allegation as a ‘Smear’,Politics,6f615427-4a46-49a9-a854-d4669736fcc7,https://www.nytimes.com/2019/02/04/us/politics/justin-fairfax-sexual-assault.html,20190204
Negative,Malaysia Blames Goldman Sachs for Stolen Billions,Business,4444d090-1a9d-4b1c-98fc-4d3aaab8ba83,https://www.nytimes.com/2019/01/14/business/malaysia-goldman-sachs-1mdb.html,20190114
Negative,"Maria Ressa, Philippine Journalist Critical of Rodrigo Duterte, Is Released After Arrest",Business,dbc01ca5-6b8e-4d95-bbd3-518aff631aba,https://www.nytimes.com/2019/02/13/world/asia/maria-ressa-arrested.html,20190213
Negative,Maybe Only Tim Cook Can Fix Facebook’s Privacy Problem,Business,fbdb6226-5cb5-4d74-9378-6e31f1144df7,https://www.nytimes.com/2019/01/30/technology/facebook-privacy-apple-tim-cook.html,20190131
Negative,"McKinsey Advised Purdue Pharma How to ‘Turbocharge’ Opioid Sales, Lawsuit Says",Business,99bce4ac-754d-4cb5-b8bd-b0ce42c4aa35,https://www.nytimes.com/2019/02/01/business/purdue-pharma-mckinsey-oxycontin-opiods.html,20190202
Negative,Mitsubishi Accuses Carlos Ghosn of Taking a Secret $9 Million Payment,Business,d70b8703-5e3a-4460-b423-fa3fcf14e46b,https://www.nytimes.com/2019/01/18/business/carlos-ghosn-mitsubishi.html,20190118
Negative,National Australia Bank Chiefs to Resign in Wake of Damaging Report,Business,358b0327-ed90-4cf4-bf5a-7695f340f9d1,https://www.nytimes.com/2019/02/07/business/national-australia-bank-resign.html,20190207
Negative,Net Neutrality Repeal at Stake as Key Court Case Starts,Business,17987bbb-85dd-4a26-8b7b-10357ea11be2,https://www.nytimes.com/2019/02/01/technology/net-neutrality-repeal-case.html,20190201
Negative,Netflix Blocks Show in Saudi Arabia Critical of Saudi Prince,Business,8194fb03-dca8-420c-92b2-1ff0d330500f,https://www.nytimes.com/2019/01/01/business/media/netflix-hasan-minhaj-saudi-arabia.html,20190101
Negative,Netflix Is Raising Prices. Here’s Why.,Business,a6f68c62-47ce-4b7a-ab4f-10d2794ed99e,https://www.nytimes.com/2019/01/15/business/media/netflix-price-increase.html,20190115
Negative,Northam Scandal Opens Rift Between Top Democrats in Virginia,Politics,efc2ea9c-492a-44b9-8ae0-b0fb147cec84,https://www.nytimes.com/2019/02/04/us/politics/northam-photo.html,20190204
Negative,"On King Holiday, Democrats Convey Hope, Remorse and Invective Against Trump",Politics,375ada99-4a3a-4319-8b40-d974a6460c9c,https://www.nytimes.com/2019/01/21/us/politics/biden-crime-bill-regrets.html,20190121
Negative,On Politics With Lisa Lerer: The Sexism Shield,Politics,f8251b5f-bdc8-4b0c-8774-5af3e61d19e9,https://www.nytimes.com/2019/02/11/us/politics/on-politics-sexism-2020.html,20190211
Negative,On Politics: A Pro-Israel Bill Also Aims to Divide Democrats,Politics,4b6f1ea6-a60a-49bf-8b31-53655f0a971b,https://www.nytimes.com/2019/01/29/us/politics/senate-israel-bill-bds.html,20190129
Negative,On Politics: Americans Feel Shutdown’s Bite,Politics,766f2ce6-9e3f-4600-b6a4-122bccaedd17,https://www.nytimes.com/2019/01/08/us/politics/on-politics-government-shutdown-impact.html,20190108
Negative,On Politics: Democrats Reject Trump’s Deal on Dreamers,Politics,d13a0acb-d208-47c5-a054-fa74f2a159e5,https://www.nytimes.com/2019/01/21/us/politics/democrats-trump-dreamers-deal.html,20190121
Negative,On Politics: Did the Shutdown Hurt Trump’s 2020 Chances?,Politics,c5641920-9b25-4fde-a069-e2cee6dc96da,https://www.nytimes.com/2019/01/28/us/politics/shutdown-trump-2020.html,20190128
Negative,On Politics: Intelligence Chiefs Rebut Trump on Iran and North Korea,Politics,e622fc01-b189-438c-99db-361a74351926,https://www.nytimes.com/2019/01/30/us/politics/intelligence-assessment-iran-north-korea.html,20190130
Negative,On Politics: Scandal Splits Top Virginia Democrats,Politics,ebd1d216-00e3-487d-bc0f-96138d2c8bec,https://www.nytimes.com/2019/02/05/us/politics/on-politics-scandal-virginia-democrats.html,20190205
Negative,On Politics: Trump Rejects Shutdown Compromise,Politics,fffb39a7-b061-483d-84f9-34de6cf60f30,https://www.nytimes.com/2019/01/03/us/politics/trump-shutdown-compromise.html,20190103
Negative,On Politics: Trump Says Border Talks Are a ‘Waste of Time’,Politics,c57650e0-fbfe-4701-b435-aa6966eccdf1,https://www.nytimes.com/2019/02/01/us/politics/on-politics-trump-interview-border-wall.html,20190201
Negative,On Politics: Virginia Governor’s Racist Yearbook Photo Revealed,Politics,3165fd89-c332-4456-b671-54037bb66f20,https://www.nytimes.com/2019/02/04/us/politics/on-politics-virginia-governor-racist-photo.html,20190204
Negative,On Politics: White House Digs In on Wall Demands,Politics,20d00aa3-c98e-4dbd-8457-8c29f7dae560,https://www.nytimes.com/2019/01/11/us/politics/on-politics-trump-wall-shutdown.html,20190111
Negative,On Politics: Will the Shutdown Delay the State of the Union?,Politics,b0fd1131-88b0-4a9a-b2e4-cebe986eb33b,https://www.nytimes.com/2019/01/17/us/politics/shutdown-state-of-the-union.html,20190117
Negative,"Once the ‘Bond King,’ Bill Gross Is Retiring, His Star Dimmed",Business,2f051c45-f8e1-44ba-8799-d20ad99a9659,https://www.nytimes.com/2019/02/04/business/bond-king-bill-gross-retirement.html,20190204
Negative,Penguin Random House Closes the Prestigious Imprint Spiegel & Grau,Business,30d0a15e-1c4f-4fd1-8c55-92cb3e70d960,https://www.nytimes.com/2019/01/25/books/spiegel-grau-close-penguin-random-house.html,20190125
Negative,PG&E Bankruptcy Tests Who Will Pay for California Wildfires,Business,ae1bb099-3dec-474c-8389-2bc516bcb215,https://www.nytimes.com/2019/01/14/business/energy-environment/pge-bankruptcy-california.html,20190114
Negative,PG&E Chief Is Out as Utility Faces California Fire Liability,Business,f5febd59-25f8-456c-90d2-95bc834c465f,https://www.nytimes.com/2019/01/13/business/energy-environment/pge-geisha-williams-wildfires.html,20190114
Negative,PG&E’s Bankruptcy Filing Creates ‘a Real Mess’ for Rival Interests,Business,a9e21800-f0f0-40f2-985c-7c37ea624a67,https://www.nytimes.com/2019/01/29/business/energy-environment/pge-file-bankruptcy.html,20190129
Negative,"Poland Arrests 2, Including Huawei Employee, Accused of Spying for China",Business,37d791df-f9c0-444d-8600-c596261c4273,https://www.nytimes.com/2019/01/11/world/europe/poland-china-huawei-spy.html,20190111
Negative,Powell Says a ‘Patient’ Fed Is Watching for Signs of Economic Weakness,Business,6ac4f40d-62ef-4cfa-a3c1-44d704ad7b51,https://www.nytimes.com/2019/01/04/business/economy/jerome-powell-fed-reserve.html,20190104
Negative,Ralph Northam Rose Quickly to Become Virginia Governor. He Could Fall Even Faster.,Politics,e54c2fb0-4446-48eb-9166-38ec48415a83,https://www.nytimes.com/2019/02/03/us/politics/ralph-northam-virginia-governor.html,20190203
Negative,Republicans Rebuke Steve King but Face Vexing Question: Why Not Sooner?,Politics,118c9d19-9766-47b8-9222-521cd41e016d,https://www.nytimes.com/2019/01/15/us/politics/steve-king-white-supremacy.html,20190115
Negative,Russian Lawyer at Trump Tower Meeting Is Indicted in Another Case. But Why?,Business,d13a871e-0851-43d5-abca-23edcbc00589,https://www.nytimes.com/2019/01/25/business/dealbook/veselnitskaya-obstruction-justice.html,20190125
Negative,"Sexism Claims From Bernie Sanders’s 2016 Run: Paid Less, Treated Worse",Politics,82bd5a29-0017-40f5-b199-ea86da7653c6,https://www.nytimes.com/2019/01/02/us/politics/bernie-sanders-campaign-sexism.html,20190102
Negative,Smaller Tax Refunds Surprise Those Expecting More Relief,Business,895540be-6dc4-41a7-8d98-a2061d3398e9,https://www.nytimes.com/2019/02/12/your-money/tax-refund-decrease.html,20190213
Negative,Steve King Removed From Committee Assignments Over White Supremacy Remark,Politics,baeeb8a8-b98f-4507-ab1a-e0c0d09ff791,https://www.nytimes.com/2019/01/14/us/politics/steve-king-white-supremacy.html,20190115
Negative,"Stung by Florida Midterm Losses, Democrats See a Swing State Drifting Away",Politics,c7fdbdc4-9b3e-45cd-83fb-ca42b64d4535,https://www.nytimes.com/2019/01/13/us/politics/florida-democrats-2020-election.html,20190113
Negative,Talks to End U.S.-China Trade War Now Shift to Make-or-Break Rounds,Business,d93a3117-4393-4f8e-95c5-1664b792c799,https://www.nytimes.com/2019/01/09/business/us-china-trade-talks-beijing.html,20190109
Negative,"Tax Filing Season Is Starting, but It May Not Go Smoothly",Business,4f8e74f5-478a-4843-aca1-88d756026215,https://www.nytimes.com/2019/01/25/your-money/tax-returns-refund-irs-shutdown.html,20190125
Negative,Taxing the Wealthy Sounds Easy. It’s Not.,Business,c7de814e-9db5-4e7b-9b5f-203ee23b0017,https://www.nytimes.com/2019/02/01/your-money/tax-wealthy.html,20190201
Negative,Tech Is Splitting the U.S. Work Force in Two,Business,d10b989f-7ffa-483e-afa7-f5f87efe5ea1,https://www.nytimes.com/2019/02/04/business/economy/productivity-inequality-wages.html,20190204
Negative,Tesco Supermarket in Britain Will Cut Thousands of Jobs,Business,46c9329d-b018-485e-a188-03c18385b0b8,https://www.nytimes.com/2019/01/28/business/tesco-supermarket-job-cuts.html,20190128
Negative,"Tesla to Cut 3,000 Jobs in Bid to Sell Model 3 to Mass Market",Business,8b37c837-c395-419e-86a4-64a5446082e4,https://www.nytimes.com/2019/01/18/business/tesla-cutting-jobs.html,20190118
Negative,The Government Shutdown Made the I.R.S. Even More Frustrating,Business,e0387326-0e01-4ec0-aa38-e67d38f69cf8,https://www.nytimes.com/2019/02/12/your-money/irs-government-shutdown.html,20190212
Negative,The Hard Part of Computer Science? Getting Into Class,Business,39ca7e86-286f-411d-8baf-585f994c6046,https://www.nytimes.com/2019/01/24/technology/computer-science-courses-college.html,20190124
Negative,The Next Wave of ‘Unicorn’ Start-Ups,Business,4850b24d-539e-413f-bbae-40af2b184598,https://www.nytimes.com/2019/02/10/technology/new-wave-unicorn-start-ups.html,20190210
Negative,"The Post-Brexit Food Chain: ‘This Is Really, Really Scary’",Business,d773cfd3-e9ba-4a4a-8427-5ad40072944c,https://www.nytimes.com/2019/01/30/business/brexit-food-shortages.html,20190130
Negative,The Struggle to Control PG&E,Business,bb59faa6-38f6-4906-acef-b0692f7263b6,https://www.nytimes.com/2019/02/13/business/energy-environment/pge-wildfire-bankruptcy-control.html,20190213
Negative,The Tabloid Myths of Jennifer Aniston and Donald Trump,Business,e4a8995e-c359-4818-aec8-9dcd2e8c9777,https://www.nytimes.com/2019/01/27/business/media/jennifer-aniston-donald-trump-tabloid-media-pregnancy.html,20190127
Negative,The Week in Tech: It’s Not Easy Being a Unicorn,Business,5d938be1-ba2d-4ce5-8be4-317c128a40f7,https://www.nytimes.com/2019/01/11/technology/the-week-in-tech-its-not-easy-being-a-unicorn.html,20190111
Negative,These 50 Start-Ups May Be the Next ‘Unicorns’,Business,fa4fe238-6f1c-40a1-8c7f-a8f9d4c162ce,https://www.nytimes.com/2019/02/10/technology/these-50-start-ups-may-be-the-next-unicorns.html,20190210
Negative,This Expert Called the Market Plunge. Here’s What He Sees in 2019.,Business,eee05a3d-8f85-4157-9304-5cdbefdeb7ce,https://www.nytimes.com/2019/01/04/business/market-forecast-2019.html,20190104
Negative,Trump Sought a Loan During the 2016 Campaign. Deutsche Bank Said No.,Business,b3aac6e2-8b8f-4d61-b50f-e16822f1c840,https://www.nytimes.com/2019/02/02/business/trump-deutsche-bank.html,20190202
Negative,U.K. Auto Industry Already Feeling the Brexit Pinch,Business,a30f4dcc-5771-4d0a-958c-80ed5593218d,https://www.nytimes.com/2019/01/31/business/uk-brexit-auto-industry.html,20190131
Negative,U.K. Businesses Sound the Alarm While Planning for a No-Deal Brexit,Business,0314bdf6-2644-4179-a37d-1850a01d6638,https://www.nytimes.com/2019/01/11/business/no-deal-brexit-business.html,20190111
Negative,"U.K. Economy Falters as Brexit Looms. Amsterdam Sees Risks, and Opportunity.",Business,09d3e00d-86a2-4900-99c6-5ba86413e6d2,https://www.nytimes.com/2019/02/11/business/brexit-economy-europe-britain-netherlands.html,20190211
Negative,"U.S. Auto Sales Put Up a Big Number, but Show Signs of Strain",Business,d65cc2da-56bc-4dad-9e48-dc9dcc6546f8,https://www.nytimes.com/2019/01/03/business/auto-sales.html,20190104
Negative,U.S.-China Trade Talks Face Big Obstacle: Ensuring That Promises Are Kept,Business,d77c5082-0b43-498e-8efa-3bf332ed82e0,https://www.nytimes.com/2019/02/12/business/us-china-trade-talks.html,20190212
Negative,Veterans of the News Business Are Now Fighting Fakes,Business,bb02fc59-24a2-4d9d-a2f1-cad053a92c24,https://www.nytimes.com/2019/01/16/business/media/media-steve-brill-fake-news.html,20190116
Negative,"Video Game Stocks Get Clobbered, and Fortnite Is to Blame",Business,872c122f-534e-4651-8d89-978ff1dce7fc,https://www.nytimes.com/2019/02/06/business/dealbook/electronic-arts-take-two-fortnite-earnings.html,20190206
Negative,Virginia Lieutenant Governor Faces Eroding Support From Democrats After New Accuser Speaks,Politics,1abceb22-9ede-4dd5-af46-f2f648240ffd,https://www.nytimes.com/2019/02/08/us/politics/meredith-watson-justin-fairfax.html,20190208
Negative,Virginia Republican Was Top Editor of Yearbook That Included Blackface Photos and Racist Slurs,Politics,b4d76851-2d5c-42a7-bff1-3d0580a0f15b,https://www.nytimes.com/2019/02/07/us/politics/thomas-norment-yearbook-racist.html,20190207
Negative,Virginia’s Economy Weathers the Storm in Its Statehouse,Business,55f591b5-a185-4a96-92f9-490bcf20a806,https://www.nytimes.com/2019/02/12/business/economy/virginia-economy-governor-scandal.html,20190212
Negative,Virginia’s Lieutenant Governor Faces Impeachment Threat and Calls to Resign,Politics,151cf072-756e-46fd-bc75-215b57119c5a,https://www.nytimes.com/2019/02/08/us/politics/virginia-justin-fairfax.html,20190209
Negative,Virginia’s Political Chaos Is a Test for Both Parties,Politics,2b0c51e8-67e4-41d4-a1ce-6465d640dbb3,https://www.nytimes.com/2019/02/07/us/politics/on-politics-racism-scandal-virginia.html,20190207
Negative,Virginia’s Racist History Clashes With New South Image,Politics,073239ae-1126-4161-bf73-149e5141d9aa,https://www.nytimes.com/2019/02/08/us/politics/virginia-scandal-racist-history.html,20190208
Negative,"Vodafone, One of World’s Largest Cell Carriers, Halts Buying of Huawei Gear",Business,70a9848c-52a8-4774-85f5-dacd835a6c36,https://www.nytimes.com/2019/01/25/technology/vodafone-huawei.html,20190125
Negative,Volatility Continues as Rising Oil Prices Help Wall St. Erase Early Losses,Business,500b9a9d-93bd-4d3d-b374-7a5b3e5ba123,https://www.nytimes.com/2019/01/02/business/global-stock-markets.html,20190102
Negative,Was Apple’s Warning a Surprise? Not to Its Suppliers,Business,54003231-a447-40f5-835e-1fe5b5ac35e9,https://www.nytimes.com/2019/01/03/business/dealbook/apple-suppliers-stocks.html,20190103
Negative,Washington Post Finds Itself in the Middle of the Jeff Bezos Story,Business,3c307abb-eabd-4944-a056-32473efcb8fe,https://www.nytimes.com/2019/02/11/business/media/washington-post-jeff-bezos.html,20190212
Negative,When Affluent Families Dig Up Their Past,Business,e9534d45-91a4-41cd-8045-7ac36482ba1c,https://www.nytimes.com/2019/01/18/your-money/wealthy-family-history.html,20190118
Negative,When Private Fights Over Millions Become Public (Things Get Ugly),Business,f6956ad7-7cc7-4c72-af60-f7b80b03fc9e,https://www.nytimes.com/2019/02/08/your-money/family-estate-court-fight.html,20190208
Negative,Who Wants a Market Downturn? These Investors Actually Do,Business,d1495fd9-a577-40a2-8f7c-1541a5ea4b89,https://www.nytimes.com/2019/01/06/technology/market-downturn-venture-capital-investors.html,20190106
Negative,Who Wins and Who Loses From PG&E’s Bankruptcy,Business,adb50833-4595-4501-b36b-84019b0ab498,https://www.nytimes.com/2019/01/29/business/dealbook/pge-bankruptcy-winners-losers.html,20190129
Negative,Why Sony Needs More Than a Big Share Buyback to Help Its Fortunes,Business,034f6b82-73b8-4daf-bb67-ca69b13d9459,https://www.nytimes.com/2019/02/08/business/dealbook/sony-share-buyback.html,20190208
Negative,"With Northam Picture, Obscure Publication Plays Big Role in Virginia Politics",Politics,3121e8b6-32bd-4fac-8675-503ed02e1e74,https://www.nytimes.com/2019/02/04/us/politics/northam-fairfax-big-league-politics.html,20190205
Negative,World Leaders at Davos Call for Global Rules on Tech,Business,815c15a3-82b0-4f23-b3db-cbb0473ddb2e,https://www.nytimes.com/2019/01/23/technology/world-economic-forum-data-controls.html,20190123
Negative,Y.A. Author Pulls Her Debut After Pre-Publication Accusations of Racism,Business,f77649e9-cfba-4226-8e19-eb0fdfc968bd,https://www.nytimes.com/2019/01/31/books/amelie-wen-zhao-blood-heir-ya-author-pulls-debut-accusations-racism.html,20190131
Negative,"You Call That Meat? Not So Fast, Cattle Ranchers Say",Business,8f4db067-a963-4bd2-96aa-d43a50837193,https://www.nytimes.com/2019/02/09/technology/meat-veggie-burgers-lab-produced.html,20190209
Negative,YouTube Bans Risky Prank Videos Amid Spate of ‘Bird Box’ Challenge Stunts,Business,6d511650-4571-4872-b4ca-be78566b853a,https://www.nytimes.com/2019/01/16/business/youtube-bans-pranks.html,20190116
Negative,$146 Million Default by Nursing Home Chain Leaves U.S. on the Hook,Business,ee65f7bb-2b84-4c80-929a-97535e41f16e,https://www.nytimes.com/2019/05/31/business/nursing-homes-mortgage-hud.html,20190531
Negative,$2 Billion Verdict Against Monsanto Is Third to Find Roundup Caused Cancer,Business,2ff449a1-9a9c-4d2a-bb43-9dbb0b6f3ba6,https://www.nytimes.com/2019/05/13/business/monsanto-roundup-cancer-verdict.html,20190513
Negative,$7 Million Trump Building Condo Tied to Scandal-Scarred Foreign Leader,Business,ca6ef6b0-cd6f-4e92-849e-ff466880c6e7,https://www.nytimes.com/2019/04/10/business/trump-congo.html,20190410
Negative,"11,000 People Who Prepare Your Airline Food Are Considering a Strike",Business,6628fceb-43e8-48d2-b9b8-b073883519ec,https://www.nytimes.com/2019/06/04/business/economy/airport-workers-union.html,20190604
Negative,2 Big Book and Magazine Printers Face Suit to Block Their Merger,Business,522913c4-fa4f-42d9-bb20-a0946784ee83,https://www.nytimes.com/2019/06/24/business/media/magazine-book-printers-lawsuit.html,20190624
Negative,2020 Candidates Demand Full and Immediate Release of Mueller Report,Politics,71587c77-8ad5-40a8-a280-701f8e0cf3da,https://www.nytimes.com/2019/03/22/us/politics/mueller-report-2020-candidates.html,20190323
Negative,2020 Democratic Candidates Target Barr Over Mueller Report,Politics,994b5b8a-b29a-49a3-ba86-45211fbcafe7,https://www.nytimes.com/2019/04/18/us/politics/democrats-mueller.html,20190418
Negative,2020 Democrats Address Poverty and Systemic Racism at Presidential Forum,Politics,1ae68495-6df2-406c-b578-4f6a06d4176c,https://www.nytimes.com/2019/06/17/us/politics/poor-peoples-forum-2020.html,20190617
Negative,"2020 Democrats Agree: They’re Very, Very Sorry",Politics,0cb801e3-6670-4def-b925-e31afaa5b948,https://www.nytimes.com/2019/02/03/us/politics/democrats-2020-apologies.html,20190203
Negative,2020 Democrats Join McDonald’s Workers Striking Over Wages and Harassment,Politics,c7a3cfeb-cc92-45b7-bb49-4d0c5a4096af,https://www.nytimes.com/2019/05/23/us/politics/mcdonalds-strike-2020-candidates.html,20190523
Negative,"5 Lessons From Microsoft’s Antitrust Woes, by People Who Lived It",Business,80ef89f5-bcb4-405f-a2e7-eb2719403660,https://www.nytimes.com/2019/06/23/technology/antitrust-tech-microsoft-lessons.html,20190623
Negative,5 Reasons You Wouldn’t Want to Be in Tim Cook’s Shoes Right Now,Business,d2eab16e-d6ad-46a2-8509-91d9dee63341,https://www.nytimes.com/2019/01/04/technology/apple-tim-cook-china.html,20190104
Negative,"A ‘Sorceress’ in Brazil, a ‘Wink’ in India: Walmart Pleads Guilty After a Decade of Bribes",Business,a6ab591b-db05-41db-8c15-86aa75bffd97,https://www.nytimes.com/2019/06/20/business/walmart-bribery-settlement.html,20190620
Negative,"A Chain of Schools Is Cut Off From Student Loans, Leaving Thousands in Limbo",Business,e6f5377d-ee67-4de8-9ab4-6978441fe04e,https://www.nytimes.com/2019/02/27/business/argosy-university-education-department.html,20190227
Negative,"A Machine May Not Take Your Job, but One Could Become Your Boss",Business,94ec08bf-2e96-43c4-8d9c-51e18c03c376,https://www.nytimes.com/2019/06/23/technology/artificial-intelligence-ai-workplace.html,20190623
Positive,6 Days When 2020 Democratic Hopefuls Scored With Small Donors,Politics,43616513-1122-4c02-8b82-9f3be4df806e,https://www.nytimes.com/2019/02/09/us/politics/democrats-donations-2020.html,20190209
Positive,‘Boutique’ Co-Working Spaces Find a Niche Nurturing Small Businesses,Business,8d815383-e69a-4528-87cb-1be1b33af8b9,https://www.nytimes.com/2019/01/22/business/co-working-spaces-small-business.html,20190122
Positive,‘This Is My Space’: Kirsten Gillibrand’s Unabashedly Feminist Campaign,Politics,956797e7-7869-41d5-93c4-6f6253d65c9c,https://www.nytimes.com/2019/02/12/us/politics/kirsten-gillibrand-president-feminist.html,20190212
Positive,"Alphabet Is in a Tumultuous Time, but the Business Keeps Booming",Business,29d9a191-f63f-421e-9fbf-4b184ed27c2e,https://www.nytimes.com/2019/02/04/technology/alpahbet-quarterly-earnings.html,20190204
Positive,An Irish Burger Chain Claims a Trademark Win Over McDonald’s,Business,92f641e3-d389-484a-9fe7-f22ba4dd0caf,https://www.nytimes.com/2019/01/16/business/supermacs-big-mac-mcdonalds.html,20190116
Positive,Are Electric Cars Only for the Rich? Sacramento Is Challenging That Notion,Business,61ea1041-b026-4325-a974-fdb541f459ca,https://www.nytimes.com/2019/01/24/business/electric-vehicles-electrify-america-sacramento.html,20190124
Positive,Are Your Children Racking Up Charges From Mobile Games? Here’s How to Fight Back,Business,c774671d-0ff3-4d21-b390-72767841dbc9,https://www.nytimes.com/2019/02/06/technology/personaltech/children-charges-mobile-games.html,20190206
Positive,"As I.P.O. Approaches, Lyft’s Chief Is Nudged Into the Spotlight",Business,ac125542-ecb6-4cbd-941b-39f663dadc4c,https://www.nytimes.com/2019/01/27/technology/lyft-ceo-logan-green.html,20190127
Positive,"Biggest Public Company? Microsoft. Wait, Apple Again. Amazon? No, Back to Microsoft.",Business,0da00cff-f043-4024-96e1-fb1b898ff7d4,https://www.nytimes.com/2019/02/05/business/dealbook/apple-amazon-microsoft-market-value.html,20190205
Positive,Bringing Nature Back to the Urban Core,Business,cfcf266f-2737-4775-91fe-6f751649599b,https://www.nytimes.com/2019/02/12/business/cities-parks-green-space.html,20190212
Positive,Bristol-Myers to Acquire Celgene in Deal Worth $74 Billion,Business,8a417e10-12c2-4810-9ba3-68980b3c850c,https://www.nytimes.com/2019/01/03/business/dealbook/bristol-myers-squibb-celgene-merger.html,20190103
Positive,Chinese Companies Flocked to U.S. Markets in 2018. The Trade War May Have Had a Role.,Business,774faabd-5115-4712-81d2-62255ae0d866,https://www.nytimes.com/2019/01/02/business/dealbook/trade-war-china-ipos.html,20190102
Positive,Chip Giant Intel Picks Interim Leader as Permanent C.E.O. After Long Search,Business,ebd40ffb-2403-4bd2-8759-d0bcd3a356f9,https://www.nytimes.com/2019/01/31/technology/intel-ceo-robert-swan.html,20190131
Positive,DealBook Briefing: Hoping to Bridge the Gap in Trade Talks,Business,ce3b9d59-10b9-459b-b16d-468548d394c3,https://www.nytimes.com/2019/01/30/business/dealbook/us-china-trade-talks.html,20190130
Positive,DealBook Briefing: Progress in Talks to End the Trade War,Business,badda2ed-0543-4c73-a000-1b389d456d2d,https://www.nytimes.com/2019/01/10/business/dealbook/us-china-trade-war-talks.html,20190110
Positive,DealBook Briefing: Your Davos Cheat Sheet,Business,f8dad90f-806d-4a5d-b8b7-d616284b62e9,https://www.nytimes.com/2019/01/27/business/dealbook/davos-world-economic-forum-wrapup.html,20190127
Positive,Democrats Find a Foil for 2020 Primary: Billionaires (Even Liberal Ones),Politics,7f3fd5dd-2308-4a35-a7aa-6ce069222982,https://www.nytimes.com/2019/01/10/us/politics/democrats-2020-self-funding-billionaires.html,20190110
Positive,Electric Vehicles Are in the Spotlight at Detroit’s 2019 Auto Show,Business,5cecc687-24ac-4257-948a-3af01c49b33c,https://www.nytimes.com/2019/01/13/business/detroit-auto-show-electric-cars.html,20190113
Positive,Elizabeth Warren’s 2020 Strategy: Stand Out by ‘Nerding Out’,Politics,b26a18b8-43a5-40a9-b4c5-273890389dab,https://www.nytimes.com/2019/01/27/us/politics/elizabeth-warren-democrats-policy.html,20190127
Positive,Facebook Identifies Russia-Linked Misinformation Campaign,Business,90cd28fa-13e2-4fa9-a31d-3ccaba9155b9,https://www.nytimes.com/2019/01/17/business/facebook-misinformation-russia.html,20190117
Positive,Fed Ready to Pause on Interest Rate Increases,Business,120eb7cd-8df6-4a19-adda-948a9d529372,https://www.nytimes.com/2019/01/09/business/economy/fed-interest-rates-minutes.html,20190109
Positive,"For Wales, Nuclear Plant Would Mean New Jobs. For the U.K., It May Mean More.",Business,9bc79a6b-e3fd-4261-abed-d69f0b448d61,https://www.nytimes.com/2019/01/07/business/energy-environment/wales-hitachi-nuclear-plant-jobs.html,20190107
Positive,"Ford and VW Team Up, With Talk of Driverless and Electric Cars",Business,900b4501-1720-412d-a3f0-46d2f54e9ee4,https://www.nytimes.com/2019/01/15/business/ford-volkswagen.html,20190115
Positive,Foxconn Reconsidering Plans for a Wisconsin Factory Heralded by Trump,Business,c8e6133d-cbef-4ca2-b4d1-022ac004c189,https://www.nytimes.com/2019/01/30/business/foxconn-factory-wisconsin.html,20190130
Positive,"Gavin de Becker, Bezos’ Security Chief, Is a Guardian to the Stars",Business,1e312d8e-9ffb-441c-bf57-8192882e876b,https://www.nytimes.com/2019/02/07/business/de-becker-bezos.html,20190208
Positive,"Gillibrand Hires New Aides, Signaling Presidential Run Is Imminent",Politics,56a346f7-9adb-46f7-b2f0-ad254b5a55e1,https://www.nytimes.com/2019/01/11/us/politics/gillibrand-2020-presidential-run.html,20190111
Positive,"Government Shutdown Is Over, So Where Is the Economic Data?",Business,be2e3cab-0904-4148-bfff-0fda91244039,https://www.nytimes.com/2019/01/28/business/economy/economy-government-shutdown.html,20190128
Positive,Grammy Awards Show Stops Its Ratings Bleed,Business,bf4120f6-7169-40a5-83a8-b5225b12de6e,https://www.nytimes.com/2019/02/11/business/media/grammy-awards-show-ratings-cbs.html,20190211
Positive,HBO Made Sunday Night a Showcase. It Wants the Same on Monday.,Business,b5f3ee57-6b3f-44c1-9fed-d18607a57de8,https://www.nytimes.com/2019/02/03/business/media/hbo-monday-night.html,20190203
Positive,How Facebook’s Tiny China Sales Floor Helps Generate Big Ad Money,Business,df790f73-8484-400f-8193-13ebd8960792,https://www.nytimes.com/2019/02/07/technology/facebook-china-internet.html,20190207
Positive,How Fiat Chrysler Sped From Laggard to Leader in Detroit,Business,8883fd2c-5a89-4447-a3c5-c82ea5d90722,https://www.nytimes.com/2019/01/14/business/fiat-chrysler-detroit-auto-show.html,20190114
Positive,"How Huawei Wooed Europe With Sponsorships, Investments and Promises",Business,282533e3-14be-4896-b9e0-b93a30376902,https://www.nytimes.com/2019/01/22/technology/huawei-europe-china.html,20190122
Positive,How to Declutter and Organize Your Personal Tech in a Few Simple Steps,Business,54b2092d-5819-4750-837f-b052e73e1603,https://www.nytimes.com/2019/01/23/technology/personaltech/declutter-organize-personal-tech-few-simple-steps.html,20190123
Positive,"In California, Gender Can No Longer Be Considered in Setting Car Insurance Rates",Business,6b3a14d1-79b7-4626-8168-894d7002d329,https://www.nytimes.com/2019/01/18/your-money/car-insurance-gender-california.html,20190118
Positive,"In Portland, Scooter Start-Ups Played Nice. Regulators Took Note.",Business,4c590805-6e6f-4b1f-ba3a-fc250a918267,https://www.nytimes.com/2019/01/15/technology/electric-scooters-portland-oregon.html,20190115
Positive,"In Price and Value, Chinese Phone Makers Outpace Apple in Much of the World",Business,c9ee6118-9f27-4a99-93fa-e495b1941eac,https://www.nytimes.com/2019/01/04/technology/china-smartphones-iphone.html,20190104
Positive,"In Taiwan, an Invitation to a ‘Living Room’ for Culture",Business,c2c82069-9e61-46ef-8498-dcfd5b1d6199,https://www.nytimes.com/2019/01/29/business/in-taiwan-an-invitation-to-a-living-room-for-culture.html,20190129
Positive,"In the Race for Content, Hollywood Is Buying Up Hit Podcasts",Business,e21f2682-25a4-4598-ba8b-5060188d2659,https://www.nytimes.com/2019/01/01/business/media/podcasts-hollywood-tv-shows.html,20190101
Positive,Kamala Harris Kicks Off 2020 Campaign With Oakland Rally,Politics,d277ac0a-5a83-4324-92c1-9d48029d6a6a,https://www.nytimes.com/2019/01/27/us/politics/kamala-harris-rally-2020.html,20190127
Positive,Little Red App: Xi’s Thoughts Are (Surprise!) a Hit in China,Business,28daf3a0-7648-443d-90d6-881358476033,https://www.nytimes.com/2019/02/14/technology/china-communist-app.html,20190214
Positive,"Log Cabins? No, These Wooden Buildings Are High-Rises",Business,9176a218-683e-43e6-9b2e-b3cb0a0e6ec6,https://www.nytimes.com/2019/01/01/business/timber-wood-construction-real-estate.html,20190101
Positive,Making New Drugs With a Dose of Artificial Intelligence,Business,b3046f20-97b3-416d-95e2-9b1b6a2e8b84,https://www.nytimes.com/2019/02/05/technology/artificial-intelligence-drug-research-deepmind.html,20190205
Positive,Medicare for All Emerges as Early Policy Test for 2020 Democrats,Politics,237a6967-6b27-48b6-8e6d-0844b6721dbe,https://www.nytimes.com/2019/02/02/us/politics/medicare-for-all-2020.html,20190202
Positive,Microsoft’s Bing Back Online in China After Apparent Blockage,Business,4875cdcf-37d8-484e-a7de-245fb2fba76d,https://www.nytimes.com/2019/01/24/technology/microsoft-bing-china.html,20190124
Positive,New York Magazine Names a New Editor as Adam Moss Departs,Business,5465c231-6000-4436-8897-ecda06065ac8,https://www.nytimes.com/2019/01/16/business/media/david-haskell-new-york-magazine-editor.html,20190117
Positive,On Politics: Senate Offers Glimmer of Hope for End to Shutdown,Politics,00518cb7-4c16-488c-8d75-bde3b090a990,https://www.nytimes.com/2019/01/23/us/politics/senate-shutdown-vote.html,20190123
Positive,One Investment Firm Found a Silver Lining in the Mortgage Industry: Software,Business,1346a494-e516-4d17-951d-2829191ccc4a,https://www.nytimes.com/2019/02/13/business/dealbook/thoma-bravo-ellie-mae.html,20190213
Positive,PG&E Is Cleared in Deadly Tubbs Fire of 2017,Business,393528fc-bc2f-467d-9d0a-0ff4b995dadb,https://www.nytimes.com/2019/01/24/business/energy-environment/pge-tubbs-fire.html,20190124
Positive,Qatar and Exxon Mobil Plan $10 Billion Gas Investment in Texas,Business,26a7de75-dddd-4e51-a0ba-cb27c307bc12,https://www.nytimes.com/2019/02/05/business/energy-environment/qatar-exxon-mobil-gas-export.html,20190205
Positive,"Releasing Earnings, Microsoft Stays in Stride, With Cloud Powering the Way",Business,c7be21f9-ae04-474d-94c0-0c403a99d7ff,https://www.nytimes.com/2019/01/30/technology/microsoft-earnings.html,20190131
Positive,Robotic Milkers and an Automated Greenhouse: Inside a High-Tech Small Farm,Business,0564f4f5-0544-4e80-b09c-482868496ebd,https://www.nytimes.com/2019/01/13/technology/farm-technology-milkers-robots.html,20190113
Positive,Sanders and O’Rourke Are Way Ahead in Race for Small-Dollar Donors,Politics,eccb4e01-a06c-4422-a369-6f332d07af4a,https://www.nytimes.com/2019/02/09/us/politics/2020-democrats-campaign-funding.html,20190209
Positive,Snap Stems the Flood of Users Leaving Its App,Business,bee7dddc-06e8-4ab9-b02a-9854482b7d57,https://www.nytimes.com/2019/02/05/technology/snapchat-earnings.html,20190205
Positive,SoftBank Bets Big on WeWork. Again.,Business,f5e13443-e562-404c-91db-6dad1ed27e48,https://www.nytimes.com/2019/01/07/business/softbank-wework.html,20190107
Positive,Spotify. It’s Not Just for Music Anymore.,Business,97273819-f273-4aca-97b5-771e63f90fe1,https://www.nytimes.com/2019/02/06/business/dealbook/spotify-gimlet-anchor-podcasts.html,20190206
Positive,Stocks Climb as Investors Look to China-U.S. Trade Talks,Business,ede1e81e-af9a-43e5-afa9-c8705c92fda3,https://www.nytimes.com/2019/01/07/business/global-stock-markets.html,20190107
Positive,Stocks Rise as Investors See Signs of Progress in Trade Talks,Business,e656f63b-ad83-4805-a88b-705a16527c84,https://www.nytimes.com/2019/01/08/business/stock-market-trade-talks.html,20190108
Positive,Stocks Surge as Powell Signals Fed Flexibility and Jobs Data Eases Worries,Business,02f81e54-d29d-4722-b4ea-0331df868c39,https://www.nytimes.com/2019/01/04/business/global-stock-markets.html,20190104
Positive,Super Bowl Commercials 2019: Brands Play It Safe and Look to the Future,Business,6db8e1af-6ae1-4d78-869a-c56a72ef5b24,https://www.nytimes.com/2019/02/03/business/media/super-bowl-commercials-live-updates.html,20190203
Positive,"Tesla Profit Declines, but Musk Says Cash Position Is Strong",Business,a09dfcd0-8d0f-41b0-9a35-70e2873da4f1,https://www.nytimes.com/2019/01/30/business/tesla-earnings-elon-musk.html,20190130
Positive,The ‘Monster’ Texas Oil Field That Made the U.S. a Star in the World Market,Business,eb8a8911-04d8-4e92-af70-a71388ca4142,https://www.nytimes.com/2019/02/03/business/energy-environment/texas-permian-field-oil.html,20190203
Positive,The Easy (and Free) Way to Make a Budget Spreadsheet,Business,9dc3302f-5796-4b4e-806f-9ce90e8bcfa4,https://www.nytimes.com/2019/01/16/technology/personaltech/the-easy-and-free-way-to-make-a-budget-spreadsheet.html,20190116
Positive,The Financial Crisis Put a Chill on Big Bank Deals. That Ended Thursday.,Business,3b58132f-fa51-4370-b4cb-d5db1989603d,https://www.nytimes.com/2019/02/07/business/dealbook/bbt-suntrust-bank-mergers.html,20190207
Positive,"The Instant, Custom, Connected Future of Medical Devices",Business,196af3c5-8f0e-4457-82d0-90268d5e9036,https://www.nytimes.com/2019/02/14/business/smart-medical-devices-implants.html,20190214
Positive,The Rise of the Robot Reporter,Business,f1224722-5f31-4314-a377-bbf5353ebbb0,https://www.nytimes.com/2019/02/05/business/media/artificial-intelligence-journalism-robots.html,20190205
Positive,The Stock Market Is Making a Comeback. Was It Something the Fed Said?,Business,c902fccc-af9b-4fce-a4fc-64f97760aeed,https://www.nytimes.com/2019/01/20/business/stock-market-recovery-federal-reserve.html,20190120
Positive,The Strange Experience of Being Australia’s First Tech Billionaires,Business,41adaadc-4888-4876-802a-59091c8ea45d,https://www.nytimes.com/2019/02/13/technology/atlassian-cannon-brookes-farquhar.html,20190213
Positive,The Week in Tech: Silicon Valley Hobnobs in Davos,Business,d06964ae-4672-4296-8fbd-e506eaa48d59,https://www.nytimes.com/2019/01/25/technology/davos-tech-regulation.html,20190125
Positive,Trump Signs Executive Order Promoting Artificial Intelligence,Business,b1954e37-a7cc-4d09-b69c-1242238af9ab,https://www.nytimes.com/2019/02/11/business/ai-artificial-intelligence-trump.html,20190211
Positive,"Twitter Continues Its Profit Streak, While Still Shedding Users",Business,06cc0884-6909-4f98-9466-f770f135a5dc,https://www.nytimes.com/2019/02/07/technology/twitter-earnings-profit.html,20190207
Positive,"U.S. and Germany Defuse an Energy Dispute, Easing Tensions",Business,59e57e73-3801-42a0-9023-106087e118e1,https://www.nytimes.com/2019/02/12/business/us-germany-energy-dispute.html,20190212
Positive,U.S. Job Gains Show Employers Shrugged Off Government Shutdown,Business,f62cd90c-a6b6-42ba-aa6e-d04249ec1a8a,https://www.nytimes.com/2019/02/01/business/economy/jobs-report.html,20190131
Positive,Vanguard’s Jack Bogle Wasn’t a Billionaire. He Was Proud of That.,Business,fc084ba6-6823-4759-bc8f-72436234701a,https://www.nytimes.com/2019/01/16/business/vanguard-jack-bogle-death.html,20190117
Positive,Wells Fargo Should Be More Generous With Federal Workers. ,Business,d3c7275d-158c-44f3-9d48-0f59a99eabb2,https://www.nytimes.com/2019/01/04/your-money/wells-fargo-government-shutdown-loan.html,20190104
Positive,What Made the TV Show ‘You’ a Hit? Netflix,Business,9f8f9b7f-e6a2-4240-9e6f-ed4e0b2ad395,https://www.nytimes.com/2019/01/21/business/media/netflix-you-ratings.html,20190121
Positive,What’s Next for the Renault-Nissan Alliance?,Business,bc6dc09a-3da1-45c5-882b-f7e1e58d2ecd,https://www.nytimes.com/2019/01/24/business/renault-nissan-carlos-ghosn-alliance.html,20190124
Positive,"Zuckerberg Plans to Integrate WhatsApp, Instagram and Facebook Messenger",Business,b31c6c0a-aa7c-43db-89ee-772a116790a2,https://www.nytimes.com/2019/01/25/technology/facebook-instagram-whatsapp-messenger.html,20190125
Positive,$24.8 Million Raised in 24 Hours: Trump Adds to His Financial Advantage,Politics,76492242-bf87-4845-9a50-2a2321036bd7,https://www.nytimes.com/2019/06/19/us/politics/trump-fundraising-2020.html,20190619
Positive,"16-Year-Olds Want a Vote. Fifty Years Ago, So Did 18-Year-Olds.",Politics,9890693c-0133-4ae0-ba93-92068a10aaea,https://www.nytimes.com/2019/05/19/us/politics/voting-age.html,20190519
Positive,"2020 Democrats Embrace Race-Conscious Policies, Including Reparations",Politics,d2e96f82-4d06-4258-b762-5707bfee77c1,https://www.nytimes.com/2019/02/21/us/politics/2020-democrats-race-policy.html,20190221
Positive,"2020 Democrats Love Small Donors. But Some Really Love Big Donors, Too.",Politics,a61b41d7-5812-4cc8-8038-788f84cddbf3,https://www.nytimes.com/2019/03/30/us/politics/democrats-2020-donors.html,20190330
Positive,2020 Democrats Seek Voters in an Unusual Spot: Fox News,Politics,ec29ab37-9e02-477c-9b27-eaf05df4482e,https://www.nytimes.com/2019/04/17/us/politics/fox-news-democrats-2020.html,20190417
Positive,3 Borrowers Win Case on Eligibility for Public Service Loan Forgiveness,Business,41821e84-c72c-4819-8dc1-93d34440d528,https://www.nytimes.com/2019/02/23/your-money/public-service-loan-forgiveness-lawsuit.html,20190223
Positive,"3 New Policies From the 2020 Democrats: Policing, L.G.B.T. Rights and Voting Rights",Politics,d0f0d156-7e0f-41c9-bc78-eb337690a760,https://www.nytimes.com/2019/06/08/us/politics/democrats-2020-policies.html,20190608
Positive,4 Tax Strategies That Could Make a Divorce Settlement Easier,Business,ef7c59bd-0c54-4a52-a0fe-f135065818ea,https://www.nytimes.com/2019/04/19/your-money/taxes-tips-divorce.html,20190419
Positive,40 Million Watched Trump’s Prime-Time Address on TV,Business,a1a11da6-2cd9-45b4-b92a-b4f9845770c2,https://www.nytimes.com/2019/01/09/business/media/president-trump-speech-ratings.html,20190109
Positive,"5 Ways to Value Your Collection, Whether It’s Fine Wine or Shrunken Heads",Business,3c112602-db5e-4ac4-8358-167c69208974,https://www.nytimes.com/2019/03/01/your-money/collectibles-value-market.html,20190301
Positive,A Better Way to Break Up Big Tech,Business,5338c3aa-3944-451a-b451-26a37d4539af,https://www.nytimes.com/2019/03/13/technology/elizabeth-warren-tech-companies.html,20190313
Positive,"A Billboard No. 1 Is at Stake, So Here’s an Album With Your Taylor Swift Hoodie",Business,ff832eb5-0eac-44ac-8c53-45b8f6c6c861,https://www.nytimes.com/2019/06/09/business/media/billboard-charts-bundles.html,20190609
Positive,A China-U.S. Trade Truce Could Enshrine a Global Economic Shift,Business,55613cae-b98e-4e15-832f-e1730dad767f,https://www.nytimes.com/2019/06/29/business/us-china-trump-trade-truce.html,20190629
Positive,A Comprehensive Guide to Taking Your Smartphone Abroad for Cheap,Business,c5b7e7a8-b621-4743-8013-def508ab0bfe,https://www.nytimes.com/2019/06/26/technology/personaltech/sim-cards-foreign-vacation.html,20190626
Positive,A Path to Discovery in the Theranos Case,Business,132459b3-eafb-4df4-9676-19c2f9ac6c46,https://www.nytimes.com/2019/06/28/business/dealbook/discovery-theranos-bulwani.html,20190628
